736*736,541696,1,6701.22
736*736,541696,2,6683.84
736*736,541696,3,6702.24
736*736,541696,4,6679.36
736*736,541696,5,6779.9
736*736,541696,6,6688
736*736,541696,7,6678.02
736*736,541696,8,6687.78
736*736,541696,9,6675.78
736*736,541696,10,6688.58
736*736,541696,1,6693.63
736*736,541696,2,6756.1
736*736,541696,3,6680.7
736*736,541696,4,6776.67
736*736,541696,5,6721.31
736*736,541696,6,6691.97
736*736,541696,7,6702.11
736*736,541696,8,6671.2
736*736,541696,9,6690.94
736*736,541696,10,6690.72
736*736,541696,11,6687.46
736*736,541696,12,6697.06
736*736,541696,13,6690.27
736*736,541696,14,6706.14
736*736,541696,15,6687.46
736*736,541696,16,6702.85
736*736,541696,17,6707.55
736*736,541696,18,6673.6
736*736,541696,19,6770.85
736*736,541696,20,6696.58
736*736,541696,21,6659.68
736*736,541696,22,6684.42
736*736,541696,23,6684.06
736*736,541696,24,6707.58
736*736,541696,25,6709.63
736*736,541696,26,6722.11
736*736,541696,27,6684.77
736*736,541696,28,6709.7
736*736,541696,29,6697.44
736*736,541696,30,6692.42
736*736,541696,31,6678.3
736*736,541696,32,6700.26
736*736,541696,33,6725.57
736*736,541696,34,6707.52
736*736,541696,35,6802.3
736*736,541696,36,6695.33
736*736,541696,37,6686.27
736*736,541696,38,6702.62
736*736,541696,39,6684.8
736*736,541696,40,6681.41
736*736,541696,41,6706.82
736*736,541696,42,6696.45
736*736,541696,43,6707.62
736*736,541696,44,6693.47
736*736,541696,45,6683.55
736*736,541696,46,6699.68
736*736,541696,47,6689.09
736*736,541696,48,6680.86
736*736,541696,49,6688.67
736*736,541696,50,6706.56
736*736,541696,51,149080
736*736,541696,52,149737
736*736,541696,53,148464
736*736,541696,54,147859
736*736,541696,55,5851.36
736*736,541696,56,147611
736*736,541696,57,147893
736*736,541696,58,148478
736*736,541696,59,148199
736*736,541696,60,148869
736*736,541696,61,147740
736*736,541696,62,149166
736*736,541696,63,147643
736*736,541696,64,148304
736*736,541696,65,147704
736*736,541696,66,146599
736*736,541696,67,147586
736*736,541696,68,146482
736*736,541696,69,151273
736*736,541696,70,148426
736*736,541696,71,146753
736*736,541696,72,149495
736*736,541696,73,150333
736*736,541696,74,149464
736*736,541696,75,148376
736*736,541696,76,147217
736*736,541696,77,149237
736*736,541696,78,150300
736*736,541696,79,149623
736*736,541696,80,149751
736*736,541696,81,149851
736*736,541696,82,152229
736*736,541696,83,148500
736*736,541696,84,150426
736*736,541696,85,150739
736*736,541696,86,149438
736*736,541696,87,147845
736*736,541696,88,146317
736*736,541696,89,148520
736*736,541696,90,150085
736*736,541696,91,148504
736*736,541696,92,149417
736*736,541696,93,152162
736*736,541696,94,149656
736*736,541696,95,148281
736*736,541696,96,150288
736*736,541696,97,148686
736*736,541696,98,149476
736*736,541696,1,6708.64
736*736,541696,2,6685.47
736*736,541696,3,6699.94
736*736,541696,4,6705.38
736*736,541696,5,6708.42
736*736,541696,6,6719.55
736*736,541696,7,6788.54
736*736,541696,8,6692.22
736*736,541696,9,6688.99
736*736,541696,10,6789.98
736*736,541696,11,6717.02
736*736,541696,12,6690.98
736*736,541696,13,6688.99
736*736,541696,14,6712.54
736*736,541696,15,6691.68
736*736,541696,16,6710.78
736*736,541696,17,6674.78
736*736,541696,18,6692.8
736*736,541696,19,6688.1
736*736,541696,20,6704.83
736*736,541696,21,6710.3
736*736,541696,22,6661.76
736*736,541696,23,6694.18
736*736,541696,24,6698.21
736*736,541696,25,6714.75
736*736,541696,26,6701.95
736*736,541696,27,6686.56
736*736,541696,28,6691.81
736*736,541696,29,6686.85
736*736,541696,30,6716.42
736*736,541696,31,6732.26
736*736,541696,32,6680.93
736*736,541696,33,6792
736*736,541696,34,6700.67
736*736,541696,35,6711.52
736*736,541696,36,6702.34
736*736,541696,37,6706.91
736*736,541696,38,6686.34
736*736,541696,39,6725.82
736*736,541696,40,6689.09
736*736,541696,41,6703.49
736*736,541696,42,6684.03
736*736,541696,43,6706.94
736*736,541696,44,6678.11
736*736,541696,45,6684.96
736*736,541696,46,6686.14
736*736,541696,47,6679.87
736*736,541696,48,6718.69
736*736,541696,49,6708.26
736*736,541696,50,6710.94
736*736,541696,51,6697.89
736*736,541696,52,6689.98
736*736,541696,53,6690.5
736*736,541696,54,6730.21
736*736,541696,55,6689.5
736*736,541696,56,6687.3
736*736,541696,57,6704.19
736*736,541696,58,147815
736*736,541696,59,150636
736*736,541696,60,148707
736*736,541696,61,148677
736*736,541696,62,148851
736*736,541696,63,148429
736*736,541696,64,150349
736*736,541696,65,148739
736*736,541696,66,148576
736*736,541696,67,146515
736*736,541696,68,149945
736*736,541696,69,150101
736*736,541696,70,147778
736*736,541696,71,148174
736*736,541696,72,148349
736*736,541696,73,147166
736*736,541696,74,148951
736*736,541696,75,147447
736*736,541696,76,148123
736*736,541696,77,146199
736*736,541696,78,147206
736*736,541696,79,146777
736*736,541696,80,148676
736*736,541696,81,149049
736*736,541696,82,147043
736*736,541696,83,149392
736*736,541696,84,147952
736*736,541696,85,149946
736*736,541696,86,147365
736*736,541696,87,150027
736*736,541696,88,147770
736*736,541696,89,154082
736*736,541696,90,150649
736*736,541696,91,153501
736*736,541696,92,147754
736*736,541696,93,148905
736*736,541696,94,148970
736*736,541696,95,148525
736*736,541696,96,148580
736*736,541696,97,149671
736*736,541696,98,148788
736*736,541696,99,149430
736*736,541696,100,152396
736*736,541696,101,148102
736*736,541696,102,148738
736*736,541696,103,148708
736*736,541696,104,148099
736*736,541696,105,149067
736*736,541696,106,149148
736*736,541696,107,152323
736*736,541696,1,6679.84
736*736,541696,2,6705.89
736*736,541696,3,6707.94
736*736,541696,4,6670.69
736*736,541696,1,50844.3
736*736,541696,1,6700.19
736*736,541696,2,6697.25
736*736,541696,3,6688.93
736*736,541696,4,6693.38
736*736,541696,5,6684.16
736*736,541696,6,6701.73
736*736,541696,7,6718.21
736*736,541696,8,6693.25
736*736,541696,9,6726.72
736*736,541696,10,6729.25
736*736,541696,11,6696.22
736*736,541696,12,6742.53
736*736,541696,13,6700.61
736*736,541696,14,6718.66
736*736,541696,15,6703.14
736*736,541696,16,6710.91
736*736,541696,17,6692.83
736*736,541696,18,6695.94
736*736,541696,19,6708.7
736*736,541696,20,6699.49
736*736,541696,21,6704.38
736*736,541696,22,6705.63
736*736,541696,23,6673.09
736*736,541696,24,6662.82
736*736,541696,25,6709.12
736*736,541696,26,6683.14
736*736,541696,27,6700.96
736*736,541696,28,6690.21
736*736,541696,29,6706.18
736*736,541696,30,6702.02
736*736,541696,31,6679.42
736*736,541696,32,6716.45
736*736,541696,33,6696.58
736*736,541696,34,6689.66
736*736,541696,35,6710.88
736*736,541696,36,6682.72
736*736,541696,37,6698.62
736*736,541696,38,6680.13
736*736,541696,39,6692.93
736*736,541696,40,6708.06
736*736,541696,41,6691.07
736*736,541696,42,6690.4
736*736,541696,43,6686.75
736*736,541696,44,6733.15
736*736,541696,45,6696.35
736*736,541696,1,6785.89
736*736,541696,2,6766.24
736*736,541696,3,6680.61
736*736,541696,4,6701.41
736*736,541696,5,6688.1
736*736,541696,6,6695.3
736*736,541696,7,6708.8
736*736,541696,8,6677.92
736*736,541696,9,6700.16
736*736,541696,10,6704.32
736*736,541696,11,6684.13
736*736,541696,12,6730.88
736*736,541696,13,6693.95
736*736,541696,14,6778.82
736*736,541696,15,6692.83
736*736,541696,16,6702.37
736*736,541696,17,6712.42
736*736,541696,18,6675.68
736*736,541696,19,6694.98
736*736,541696,20,6715.87
736*736,541696,21,6679.3
736*736,541696,22,6693.25
736*736,541696,23,6678.53
736*736,541696,24,6704
736*736,541696,25,6686.66
736*736,541696,26,6689.15
736*736,541696,27,6686.53
736*736,541696,28,6689.92
736*736,541696,29,6684.58
736*736,541696,30,6688.32
736*736,541696,31,6699.01
736*736,541696,32,6677.82
736*736,541696,33,6724.1
736*736,541696,34,6709.66
736*736,541696,35,6666.02
736*736,541696,36,6689.82
736*736,541696,37,6692.16
736*736,541696,38,6691.26
736*736,541696,39,6688.16
736*736,541696,40,6680.54
736*736,541696,41,6703.65
736*736,541696,42,6690.46
736*736,541696,43,6708.8
736*736,541696,44,6691.49
736*736,541696,45,6709.86
736*736,541696,46,6692.64
736*736,541696,47,6685.63
736*736,541696,48,6692.74
736*736,541696,49,6696.38
736*736,541696,50,147122
736*736,541696,51,5861.31
736*736,541696,52,5857.76
736*736,541696,53,5880.13
736*736,541696,54,148329
736*736,541696,55,146799
736*736,541696,56,149146
736*736,541696,57,147515
736*736,541696,58,147732
736*736,541696,59,146458
736*736,541696,1,6.82339
736*736,541696,2,6.69107
736*736,541696,3,6.74422
736*736,541696,4,6.70317
736*736,541696,1,6.70534
736*736,541696,1,6.6943
736*736,541696,2,6.69638
736*736,541696,3,6.71987
736*736,541696,4,6.67094
736*736,541696,2,6.70326
736*736,541696,3,6.72547
736*736,541696,4,6.69782
736*736,541696,5,6.6857
736*736,541696,1,6.70221
736*736,541696,1,6.69296
736*736,541696,1,6.66726
736*736,541696,1,6.69917
736*736,541696,1,6.66858
736*736,541696,2,6.66896
736*736,541696,3,6.6585
736*736,541696,4,6.68422
736*736,541696,5,6.69066
736*736,541696,6,6.6833
736*736,541696,7,6.75373
736*736,541696,8,6.66992
736*736,541696,9,6.67888
736*736,541696,10,6.68202
736*736,541696,1,50.883
736*736,541696,1,6.66234
